{
    "foreground_intensity_properties_per_channel": {
        "0": {
            "max": 907.0,
            "mean": 122.8172607421875,
            "median": 113.0,
            "min": -118.0,
            "percentile_00_5": -45.0,
            "percentile_99_5": 309.0,
            "std": 74.06863403320312
        }
    },
    "median_relative_size_after_cropping": 1.0,
    "shapes_after_crop": [
        [
            90,
            512,
            512
        ],
        [
            105,
            512,
            512
        ],
        [
            81,
            512,
            512
        ]
    ],
    "spacings": [
        [
            2.3999998569488525,
            0.6949999928474426,
            0.6949999928474426
        ],
        [
            4.0,
            0.78125,
            0.78125
        ],
        [
            2.5,
            0.8339840173721313,
            0.8339840173721313
        ]
    ]
}